ID;SPEAKER;TEXT
NILO_CHARGE_SIGNS;Nilo;Aqui todos estão olhando para o símbolo no peito do outro e chamando isso de culpa.
NILO_CHARGE_SIGNS;Nilo;Quando duas cargas possuem o mesmo sinal, elas tendem a se repelir.
NILO_CHARGE_SIGNS;Nilo;Quando possuem sinais opostos, elas tendem a se atrair.
NILO_CHARGE_SIGNS;Nilo;Positivo e negativo são sinais de uma propriedade física, não julgamentos.
FRONTIER_SIGN;Placa;Fronteira Neutra. Pressione E próximo a elementos interativos.
ELIA_ELECTRIZATION;Élia;Nestes condutores, as cargas conseguem se rearranjar com mais facilidade.
ELIA_ELECTRIZATION;Élia;Em materiais comuns, esse rearranjo costuma envolver elétrons.
ELIA_ELECTRIZATION;Élia;Nos isolantes, as cargas ficam muito menos livres.
ELIA_ELECTRIZATION;Élia;Uma carga próxima também pode induzir uma separação de cargas sem precisar encostar no condutor.
INSULATOR_STRUCTURE;Estrutura;Uma parte da estrutura conduz cargas facilmente, enquanto outra atua como isolante.
MARA_CROSSROADS;Mara;Os Prótons acreditam que os Elétrons sabem mais sobre estas anomalias do que dizem.
MARA_CROSSROADS;Mara;As descargas começaram a atingir nossa região e precisamos descobrir o que está causando isso.
ELIA_CROSSROADS;Élia;Os Elétrons também registraram as anomalias no mesmo período.
ELIA_CROSSROADS;Élia;Se os dois lados observaram o mesmo padrão, precisamos investigar antes de culpar uma das facções.
